LC_Type1,LST_Day_1km,pr,aet,NDVI,EVI,Gpp
1.0,-0.29984894,2.0608108,-0.08344031,0.93918246,0.6920345,19629.9
1.0,0.024169184,1.8288288,0.02995293,0.4369748,0.16844241,5300.43
5.0,0.003776435,0.35135135,0.29482242,0.26264066,0.231862,12964.699
5.0,-0.36858007,0.027027028,-0.16431323,0.0042728954,-0.09944191,16307.1
8.0,-0.5566465,-0.39414415,-0.14206247,-0.50049853,-0.4074074,8113.72
8.0,-0.5925227,-0.3873874,-0.14591357,-0.3911124,-0.34145105,7035.94
8.0,-0.44335347,-0.3828829,-0.14035088,-0.66714144,-0.28158295,7359.57
8.0,-0.44335347,-0.3828829,-0.14035088,-0.66714144,-0.28158295,5356.78
8.0,-0.5755287,-0.3873874,-0.1253744,-0.5084746,-0.25114155,7908.02
8.0,-0.54783535,-0.41666666,-0.15489945,-0.24497935,-0.48503298,4194.35
10.0,-0.6276435,-0.40765765,-0.14848095,-1.3681812,-1.1283612,4018.79
8.0,-0.6729607,0.5225225,-0.17158751,-0.8790771,-0.6686961,12776.0
8.0,-0.36253777,-0.6306306,-0.23791185,0.17376442,-0.00050735666,17942.3
8.0,-0.24093656,-0.6644144,-0.25203252,-0.10824669,-0.24911213,11723.199
12.0,0.25075528,0.6328829,0.45614034,-0.14613304,-0.011161847,1503.01
5.0,-0.050604228,0.5472973,0.40265298,0.3888335,0.23947234,13087.6
10.0,1.2019138,-1.0,-1.1253744,-1.0340407,-0.7666159,1281.17
4.0,-0.046324763,1.2027028,0.4334617,0.22731805,0.24657534,14909.101
4.0,0.21500455,1.2184684,1.3162174,0.45292693,0.3992897,16573.5
1.0,0.5468278,0.16666667,-0.8125802,0.27916253,0.2587519,15038.0
1.0,-0.68479306,-0.3581081,-0.5498502,-0.0005697194,-0.23389143,8901.34
12.0,0.6676737,-0.12612613,0.65896446,-0.6087452,-0.43125317,16886.701
10.0,0.6953671,-0.6644144,-1.2503209,-0.7084461,-0.5687468,5021.91
10.0,1.1290464,-0.3153153,0.521181,-0.21934198,-0.16996449,7774.0303
1.0,-0.17019182,2.123874,0.18100129,0.9206666,0.6732623,19784.9
1.0,0.09214502,1.8896396,0.25417203,0.4700185,0.12430239,7400.65
5.0,-0.001510574,0.38513514,0.31108257,0.16863695,0.1780822,0.0
5.0,-0.5060423,0.123873875,-0.26273,0.3139154,-0.08472856,9568.89
8.0,-1.3942598,-0.31756756,-0.47282842,-0.21649338,-0.39066464,6597.3604
8.0,-1.4116315,-0.30855855,-0.47240052,-0.33841333,-0.3723998,5781.5195
8.0,-1.3946375,-0.3108108,-0.4801027,-0.2734653,-0.32724506,5986.78
8.0,-1.3946375,-0.3108108,-0.4801027,-0.2734653,-0.32724506,4042.33
8.0,-1.3002266,-0.2972973,-0.4411639,-0.22788776,-0.34043634,6564.12
8.0,-1.2834849,-0.29054055,-0.42533162,-0.82125056,-0.53221714,3944.38
10.0,-1.4058414,-0.3626126,-0.5014976,-1.3690357,-1.1273465,3714.22
8.0,-1.1435045,0.3198198,-0.36585367,-0.588805,-0.4028412,5867.68
1.0,-0.8904834,-0.20045045,-0.1330766,0.1994018,-0.06240487,7456.9897
8.0,-0.6576027,-0.2072072,-0.096705176,-0.2857143,-0.29680365,11916.7
12.0,0.13519637,0.795045,0.59264016,-0.28429,-0.18163368,3737.48
5.0,-0.043806646,0.7184685,0.5588361,0.47115797,0.376966,10980.899
12.0,0.63859516,0.6238739,1.6931964,-0.2347244,-0.023338407,11683.5
4.0,-0.1304124,0.8828829,0.3975182,0.10995585,-0.043632675,11980.5
10.0,0.87953174,-0.8198198,-0.7877621,-0.95627403,-0.6499239,0.0
4.0,-0.1891994,0.8603604,0.6191699,0.33072212,0.41653982,16332.9
4.0,0.11782477,0.9954955,1.1621737,-0.14100556,-0.24454592,16284.699
4.0,0.29154077,1.0788288,1.8399658,0.23785785,-0.047691528,29040.9
10.0,0.570997,-0.3716216,-0.7274283,-0.7571571,-0.8396753,4283.3
1.0,0.1389728,0.056306306,-0.49807444,0.38228172,0.1263318,14348.199
8.0,-0.755287,-0.25675675,-0.026529739,-0.18060106,-0.1557585,0.0
12.0,0.50553924,0.038288288,0.80017114,-0.6531833,-0.27853882,16308.7
12.0,0.2779456,0.21846847,0.9276851,-0.48881927,-0.49822426,5867.51
10.0,0.15672205,-0.6936937,-0.6987591,-0.838627,-0.69863015,5868.23
9.0,1.3006042,-0.27027026,0.28455284,-0.123629116,-0.21004567,5943.41
10.0,1.3225075,-0.8400901,-0.73299104,-1.0183735,-0.78843224,3661.89
1.0,-0.45468277,2.2815316,0.30038512,0.8380573,0.39066464,20526.0
1.0,-0.11178248,2.0247748,0.3881044,0.5406637,0.44799593,8686.19
5.0,0.25151056,0.2454955,0.27556697,0.4184589,0.46524608,15541.601
5.0,-0.19939578,-0.13063063,-0.16302952,0.27745336,0.031456113,11699.5
8.0,-0.9856495,-0.12162162,-0.31792897,0.20395955,-0.4733638,9086.75
1.0,-0.9229607,-0.11936937,-0.32092425,0.2042444,-0.3384069,8022.63
8.0,-1.0181268,-0.11486486,-0.32819855,0.008545791,-0.24556063,8441.2
8.0,-1.0181268,-0.11486486,-0.32819855,0.008545791,-0.24556063,4852.83
8.0,-0.9738172,-0.10135135,-0.28968763,0.079191,-0.22729579,8756.93
8.0,-0.8058912,-0.117117114,-0.29525033,-0.2885629,-0.5083714,5090.39
8.0,-0.96072507,-0.1599099,-0.36414206,-0.4030765,-0.7341451,4090.0698
8.0,-0.9199396,0.7117117,-0.22207959,-0.27204102,-0.49365804,7583.49
1.0,-0.723565,-0.2635135,0.010697476,0.27318045,-0.05175038,12338.6
8.0,-0.53625375,-0.2792793,0.020111253,-0.15012106,-0.36478946,16419.6
12.0,0.42547885,0.4572072,0.28754812,-0.22731805,-0.042110603,4195.88
5.0,0.1858006,0.4234234,0.26273,0.28970233,0.376966,13039.101
12.0,0.7416918,0.18693693,1.2019683,-0.35578978,-0.0644343,8921.46
12.0,0.683787,0.02027027,0.9593496,0.033898305,0.43328258,16963.9
12.0,0.683787,0.02027027,0.9593496,0.033898305,0.43328258,13474.399
4.0,0.09063444,1.8963964,0.60205394,0.056117363,0.080162354,11328.8
10.0,0.653071,-0.7545045,-0.6645272,-0.8842045,-0.6534754,0.0
8.0,0.03323263,-0.21396397,-0.5134788,-0.12305939,-0.14155251,18612.3
8.0,0.21299094,-0.16441442,-0.38425332,0.0367469,-0.00304414,12673.3
10.0,-0.9164154,-0.41666666,-0.7804878,-0.7611451,-0.5246068,8018.54
4.0,-0.055388205,1.1058558,0.39495078,0.23871243,0.29883307,12486.801
4.0,0.28247735,0.990991,1.4415917,0.6688506,0.9411466,17775.5
4.0,0.3247734,0.5923423,1.4257596,0.29226607,0.080162354,16610.5
10.0,0.38897282,-0.3310811,-0.8609328,-0.6603048,-0.7412481,7216.96
1.0,0.10422961,0.09234234,-0.6093282,0.29255092,0.17250127,13277.199
5.0,0.23942599,1.3265766,2.5002139,0.6597351,0.80466765,15066.801
8.0,-0.6404834,-0.30405405,-0.34189132,0.033043727,-0.09589041,0.0
12.0,0.6988927,-0.14414415,0.57766366,-0.57484686,-0.32825977,15400.899
12.0,0.31570998,0.22747748,0.8669234,-0.43298677,-0.38711315,14894.101
10.0,0.08081571,-0.5225225,-0.9503637,-1.2100841,-0.7295789,5993.8203
10.0,0.8912387,0.10810811,0.70988446,-0.4580544,-0.40943682,7584.6504
10.0,1.2492447,-0.9031532,-0.8451006,-1.0608176,-0.85134447,952.397
1.0,-0.20443052,2.195946,-0.23919556,0.90186584,0.38711315,19717.3
1.0,0.0407855,1.9797298,-0.096705176,0.46546075,0.1298833,6482.25
5.0,-0.07401813,0.6621622,0.45400086,0.17120068,0.14814815,14000.899
5.0,-0.2545317,-0.08558559,-0.15618314,0.28970233,-0.13597159,11583.5
8.0,-0.6112794,0.8558559,-0.11339324,-0.042728957,-0.5002537,7527.6504
1.0,-0.3470544,-0.25225225,-0.24133505,0.24754308,-0.10857433,15357.9
12.0,0.16993958,0.9301802,0.7783483,-0.18857713,-0.05936073,12941.0
5.0,-0.11178248,0.8400901,0.7047497,0.38256657,0.18214105,14596.0
10.0,1.0536253,-0.3626126,0.13649979,-0.52100843,-0.22374429,10034.9
12.0,1.0005665,-0.1554054,0.51818573,-0.57484686,-0.22678843,7741.0303
12.0,1.0005665,-0.1554054,0.51818573,-0.57484686,-0.22678843,8614.41
4.0,-0.3021148,1.7972972,0.54129225,0.18886198,-0.033992898,11123.199
10.0,0.70090634,-0.8558559,-0.830552,-0.98732376,-0.74530697,792.613
8.0,-0.21665968,-0.6171171,-0.39623448,-0.124768555,-0.1638762,9726.38
8.0,-0.13172235,-0.5855856,-0.34317502,0.112519585,-0.017250126,9238.61
10.0,-1.1404834,-0.6148649,-0.7479675,-0.79732233,-0.3561644,8947.23
4.0,-0.18957704,1.2815316,0.6166025,0.334995,0.28361237,16784.9
4.0,0.029456193,1.6486486,1.7004707,0.1378721,0.03500761,16704.0
4.0,0.3194864,0.23198198,1.3277706,0.13445379,0.27600202,22926.7
1.0,0.38746223,0.6081081,-0.76979035,0.33556473,0.12480974,16444.5
5.0,0.19297583,1.5292792,2.5241764,0.70160943,0.6428209,16210.301
8.0,-0.9259819,-0.38513514,-0.31236628,0.031049708,0.14611872,9498.4
12.0,0.3308157,0.19594595,0.85323066,-0.57085884,-0.30847284,16215.5
12.0,0.31268883,-0.10135135,0.42019683,-0.572568,-0.5251142,7101.44
10.0,0.16767372,-0.6238739,-1.2066752,-0.65289843,-0.5601218,5198.72
10.0,0.98225075,-0.0990991,0.92255026,-0.28884774,-0.29680365,5806.9297
10.0,1.05287,-0.7905405,-0.63457423,-1.1132318,-0.85438865,1884.4299
1.0,-0.831571,2.5990992,-0.053915277,0.9047144,0.49162862,20270.602
1.0,-0.39199397,2.3445945,0.007274283,0.5643071,0.2648402,8774.48
5.0,0.17673716,0.2454955,-0.20924261,0.1837345,0.046676815,12925.8
5.0,-0.38670695,0.15315315,-0.18314078,0.34354082,-0.032470826,11728.8
8.0,-0.46374622,0.22522523,-0.18784767,0.03874092,-0.28158295,4694.19
8.0,-0.99546826,0.7207207,-0.18528028,0.09884632,-0.35667175,6407.1504
12.0,0.5708716,0.5382883,0.13692768,-0.0925794,-0.145104,7233.15
5.0,0.28247735,0.43693694,0.035943516,0.3911124,0.32166412,12557.7
12.0,0.4592145,1.150901,2.1720154,-0.27944738,0.04870624,13219.8
4.0,-0.16012084,1.3513514,0.45742404,0.122489676,-0.07559615,12803.7
10.0,0.70694864,-0.8536036,-0.93367565,-0.9129754,-0.6357179,1622.58
8.0,0.2560423,-0.5225225,-0.572101,-0.2828657,-0.33333334,8601.84
8.0,0.19033232,-0.47522524,-0.50748825,0.0558325,-0.05530188,9384.061
8.0,-0.94561934,-0.5045045,-0.699187,-0.95257086,-0.5961441,7713.5996
4.0,0.02265861,0.7477477,0.35772356,0.2991027,0.5449011,17096.701
5.0,-0.16087614,1.0225226,0.24347454,0.6942031,0.5479452,13683.6
7.0,-1.9486405,-1.3738738,-1.6914848,-0.9153967,-0.92212075,2494.56
7.0,-1.9486405,-1.3738738,-1.6914848,-0.9153967,-0.92212075,4562.6
7.0,-1.9486405,-1.3738738,-1.6914848,-0.9153967,-0.92212075,3046.1301
4.0,0.40735194,0.6621622,0.821994,0.74348384,0.95585996,17656.3
4.0,0.45266917,0.3783784,1.1382114,0.13559322,0.31506848,13156.7
1.0,0.2980861,0.03153153,-0.8241335,0.2982481,0.17250127,14728.6
8.0,0.40256798,-0.5315315,-0.94822425,-0.0997009,-0.22678843,6656.2
5.0,0.4070997,0.3963964,1.5186136,0.6668566,0.6352106,14760.0
1.0,-0.73111784,-0.2837838,-0.49037227,0.053838484,-0.11466261,9140.8
12.0,0.5294562,0.8063063,1.7000428,-0.52499646,-0.3267377,19369.6
12.0,0.33031267,0.10585585,0.46854943,-0.46204245,-0.44901064,12554.5
10.0,0.2794562,-0.990991,-1.1129653,-0.6036177,-0.49467275,4058.75
10.0,1.1500498,-1.0923424,-1.1818571,-1.0608176,-0.85895485,2459.47
7.0,1.0370091,-1.1036036,-1.2053915,-1.0400227,-0.7798072,1700.3
10.0,0.91087615,-0.7522523,-0.46683782,-0.45776954,-0.26281077,6310.1704
10.0,1.3530967,-0.8423423,-0.73341894,-1.0935764,-0.86250633,790.687
10.0,0.91691846,-0.9481982,-0.89045787,-0.90813273,-0.6712329,8651.95
10.0,1.2223066,-0.7387387,-0.54514337,-1.0055548,-0.74429226,2483.15
1.0,-0.32175228,1.4031532,-0.02610184,0.85429424,0.48046675,19493.7
1.0,0.012084592,1.2117118,-0.016688062,0.44580543,0.36225265,9051.99
5.0,0.01510574,0.6936937,0.5982028,0.031904288,-0.05225774,12720.1
5.0,-0.7114804,0.10135135,-0.014120667,0.26919243,-0.107559614,11949.699
8.0,-0.5377644,0.21621622,-0.2991014,-0.46004844,-0.6022324,4330.6797
8.0,-1.0362538,0.7567568,-0.36970475,-0.092009686,-0.4895992,6585.04
12.0,0.29984894,0.8761261,0.5840822,-0.20652328,-0.23135464,8453.97
5.0,0.0694864,0.8175676,0.5656825,0.38171202,0.17250127,13730.899
12.0,0.50100756,0.7184685,2.2280703,-0.39424583,-0.09741248,11573.9
4.0,-0.24622357,2.0765765,0.50577664,0.066087455,0.04718417,12999.5
8.0,0.18126889,-0.3626126,-0.44244757,-0.35635948,-0.29375952,10645.5
8.0,0.21178277,-0.3018018,-0.33247754,0.030764848,-0.0025367835,11138.101
10.0,-0.9964758,-0.6418919,-0.715875,-0.8058681,-0.38863522,6285.16
4.0,-0.055388205,1.545045,0.75267434,0.27204102,0.24048707,16461.6
5.0,-0.41616315,1.527027,0.57766366,0.68451786,0.53221714,13714.301
7.0,-2.5453172,-1.168919,-1.3281986,-1.5470731,-1.4251649,1827.53
7.0,-2.5453172,-1.168919,-1.3281986,-1.5470731,-1.4251649,3166.61
7.0,-2.5453172,-1.168919,-1.3281986,-1.5470731,-1.4251649,1351.7101
4.0,0.25302115,1.3873874,1.3076594,0.6110241,0.94063926,17063.7
4.0,0.18882175,1.6441442,1.8866068,-0.016806724,-0.024860477,14517.6
1.0,0.13141994,-0.0990991,-1.0265298,0.26976213,0.1978691,13415.0
8.0,0.074773416,-0.6148649,-1.1471972,-0.13473864,-0.20598681,7216.37
10.0,0.44033232,-0.8130631,-0.50620455,-0.50562596,-0.48554033,6343.71
5.0,0.260574,0.8851351,2.000428,0.7175616,0.73921865,16619.0
1.0,-0.66012084,-0.4481982,-0.46298674,0.025922233,-0.092846274,8680.68
12.0,0.40558913,0.5968468,1.5964912,-0.51588094,-0.41704717,18317.4
12.0,0.22532779,-0.1936937,0.27770647,-0.6155818,-0.48503298,5967.17
7.0,1.4652568,-0.7927928,-0.6427043,-0.99729383,-0.72602737,2784.91
10.0,1.1351963,-1.1328828,-1.2580231,-1.1143712,-0.9223744,2031.15
7.0,1.0649546,-1.1463964,-1.2832692,-1.069933,-0.84830034,1920.16
4.0,-0.026887922,0.31756756,0.31407788,0.005982054,0.13901573,12600.1
10.0,1.2280967,-0.7454955,-0.54129225,-0.38256657,-0.26179606,3442.92
10.0,1.2243203,-0.8783784,-0.79931533,-1.0981342,-0.9365804,1598.43
10.0,0.83308154,-0.9211712,-0.81557554,-0.9696624,-0.7351598,6493.9004
10.0,1.1289018,-0.786036,-0.6332905,-1.0759151,-0.86453575,2751.6501
1.0,-0.30626887,1.8355856,-0.2199401,0.87879217,0.456621,19879.0
1.0,0.011329305,1.6081082,-0.068035945,0.23244552,0.1476408,10030.5
5.0,-0.101208456,0.4189189,0.46598202,0.23928215,0.33434805,13117.801
5.0,-0.69486403,0.018018018,-0.21608901,0.3463894,-0.09183156,10405.601
8.0,-0.29305136,-0.0945946,-0.4343175,-0.23956701,-0.58244544,4565.58
12.0,-0.17824773,-0.3873874,-0.20967051,-0.56145847,-0.4297311,6383.2705
10.0,-0.22167674,-0.38513514,-0.20667523,-0.43327162,-0.4084221,7861.09
10.0,-0.25427946,-0.38063064,-0.20325203,-0.38342115,-0.21511923,13798.101
8.0,-1.0589124,0.4436937,-0.516902,-0.09514314,-0.6448503,5786.62
12.0,0.20266917,0.5968468,0.58664954,-0.12448369,0.19279553,10288.3
5.0,-0.051359516,0.5698198,0.57937527,0.2968238,0.43328258,13994.101
10.0,0.6351964,-0.5698198,-0.25246042,-0.5554764,-0.38153222,6227.16
10.0,0.7200408,-0.5427928,-0.20111254,-0.56459194,-0.24860477,4298.3896
12.0,0.6762341,0.32207206,1.2537441,-0.33471015,0.028411973,10420.601
4.0,-0.38670695,1.581081,0.4826701,0.14499359,-0.07864028,12864.5
10.0,0.1344411,-0.8873874,-0.834831,-0.29596925,-0.24606799,9301.87
8.0,0.16283959,-0.8626126,-0.79246897,0.06323885,-0.026382547,8826.939
10.0,-1.2847432,-0.32882884,-0.7817715,-1.0502777,-0.7853881,7035.73
4.0,-0.32175228,1.09009,0.55241764,0.24896738,0.08422121,18724.1
5.0,-0.461858,1.3671172,0.58707744,0.6175758,0.52207,11991.801
7.0,-2.444864,-1.259009,-1.5284553,-1.6286854,-1.5286657,1569.2999
7.0,-2.444864,-1.259009,-1.5284553,-1.6286854,-1.5286657,2457.91
7.0,-2.444864,-1.259009,-1.5284553,-1.6286854,-1.5286657,1801.9501
9.0,0.22583081,0.9391892,2.1476252,0.018515881,0.16590562,8961.07
4.0,-0.07439577,1.2792792,1.5485666,-0.18060106,-0.07204465,15274.301
4.0,0.06722055,1.2747748,2.013265,-0.13473864,-0.12328767,14877.0
1.0,0.275932,-0.011261261,-0.7381258,0.4156103,0.21917808,15769.9
8.0,0.5226586,-0.5810811,-0.8660676,-0.07748184,-0.20040588,8487.17
10.0,0.47771904,-0.8761261,-0.8908858,-0.5224327,-0.5139523,5789.8296
5.0,0.21223564,1.2274774,2.1322207,0.79077053,0.6768138,22563.5
1.0,-0.9264849,-0.2545045,-0.49850234,0.06637231,-0.0761035,8579.27
12.0,0.4252266,0.083333336,0.9589217,-0.64919525,-0.4155251,19752.5
12.0,-0.118957706,-0.18018018,0.20838682,-0.6452072,-0.52156264,14821.801
7.0,1.4969789,-1.1171172,-1.2340608,-0.9747899,-0.702689,1486.33
10.0,1.0800605,-1.150901,-1.3110826,-1.1420026,-0.91527146,1247.94
7.0,0.9429758,-1.1621622,-1.3324776,-1.0690784,-0.8396753,1561.59
4.0,-0.17145015,0.1554054,0.32092425,0.083179034,-0.19431761,12338.5
10.0,0.8413897,-0.47522524,-0.11553273,-0.36405072,-0.20852359,6404.91
10.0,1.2995967,-1.1193694,-1.2379118,-1.0776243,-0.913242,905.296
10.0,0.79003024,-1.0067568,-1.1082585,-0.96538955,-0.72298324,4550.61
10.0,1.1728103,-1.054054,-1.1219512,-1.0898732,-0.906139,1627.73
1.0,-0.14728096,2.126126,0.031236628,0.85657316,0.70218164,21088.5
1.0,0.16072567,1.9121622,0.10954215,0.34040734,0.25520042,11121.7
5.0,-0.1223565,0.30855855,0.7603766,0.24270047,0.29883307,15390.5
5.0,-0.3708459,-0.083333336,0.0445015,0.37629968,0.20040588,10969.8
8.0,-0.39274925,-0.21621622,-0.5742405,-0.06836633,-0.53323185,4738.3
12.0,-0.020015106,0.09684685,0.40693197,-0.584817,-0.53323185,5921.28
14.0,-0.057401814,0.09009009,0.3872486,-0.47770974,-0.38711315,8183.8203
10.0,-0.004531722,0.0945946,0.3928113,-0.39396098,-0.11060376,12553.101
8.0,-0.66200906,0.6306306,0.01754386,0.05754166,-0.325723,6560.49
14.0,0.3617825,0.48873875,0.6645272,0.11850164,0.13191274,13073.9
5.0,0.054380666,0.43243244,0.6170304,0.3811423,0.5195332,17822.2
10.0,0.8670695,-0.43243244,0.01711596,-0.40620995,-0.3105023,7286.29
10.0,1.0271903,-0.38963965,0.093709886,-0.6372312,-0.32217148,5611.8203
12.0,0.9614804,0.19594595,1.2464699,-0.3267341,-0.053779807,13775.1
8.0,-1.3338369,-0.9977477,-1.122807,-0.11650762,-0.3665652,10923.6
4.0,-0.2212991,1.445946,0.84852374,0.1774676,0.1780822,13292.4
10.0,0.18831871,-0.17117117,-0.1287976,-0.3039453,-0.24809742,11052.5
9.0,0.18479307,-0.11036036,-0.03851091,-0.013673265,-0.05936073,11626.5
10.0,-1.0015106,-0.4009009,-0.8553701,-0.96681386,-0.6260781,4136.5
4.0,-0.07955739,0.7207207,0.50534874,0.44836918,0.6854389,19745.799
5.0,-0.17749244,1.1891892,0.3992298,0.76342404,0.54185694,17668.9
7.0,-2.2371602,-1.1531532,-1.3731279,-1.0230737,-0.8734145,2497.42
7.0,-2.2371602,-1.1531532,-1.3731279,-1.0230737,-0.8734145,0.0
7.0,-2.2371602,-1.1531532,-1.3731279,-1.0230737,-0.8734145,2142.06
9.0,0.441213,0.6463964,2.1069748,0.093149126,0.6108574,10562.3
4.0,0.35800603,0.41666666,0.872914,0.23102123,0.44748858,16893.102
4.0,0.35347432,1.09009,2.2199402,0.5477852,0.5677321,14077.4
1.0,0.26510575,0.48423424,-0.19084296,0.3911124,0.3805175,16366.4
10.0,0.57666165,-0.7522523,-0.48566538,-0.3606324,-0.41704717,8219.94
5.0,0.25176284,1.2567568,2.152332,0.46830934,0.5459158,24600.9
1.0,-0.7477341,-0.41216215,-0.487377,0.043298677,-0.07001522,8283.38
12.0,0.61983836,0.4864865,1.7000428,-0.734938,-0.4860477,16892.8
12.0,0.16351964,0.49324325,1.0941378,-0.6110241,-0.376966,9155.23
7.0,1.4224577,-0.6936937,-0.46812153,-0.95684373,-0.67021817,3102.9502
7.0,1.3058913,-1.1148648,-1.2036799,-1.067939,-0.768138,2422.23
7.0,1.255287,-1.1283784,-1.2357724,-1.0440109,-0.8148148,1640.1
4.0,-0.17673716,0.15765765,0.8682071,0.13160518,0.25469306,11902.6
10.0,0.9765861,0.17567568,0.5344459,-0.19285002,-0.1790969,6360.58
10.0,1.2043052,-0.759009,-0.57809156,-1.0229312,-0.80010146,1922.72
10.0,1.0485272,-0.9054054,-0.7749251,-0.8673978,-0.615931,5967.62
10.0,1.0294561,-0.6418919,-0.36542577,-0.98447514,-0.7727042,3463.43
11.0,-1.3021148,-0.4707207,-0.81600344,-0.21763282,-0.1486555,3725.1099
5.0,0.061933536,0.6779279,0.28712025,0.36718416,0.1369863,16759.3
5.0,-0.3410121,0.058558557,-0.10397946,0.3498077,0.082699135,9864.04
8.0,-0.6510574,0.07882883,-0.16474111,-0.1250534,-0.58447486,4859.6396
12.0,0.12046828,-0.5157658,-0.16089003,-0.6292551,-0.6022324,2187.19
12.0,0.026435046,-0.5315315,-0.16431323,-0.5791198,-0.6078133,3072.9001
12.0,0.0043429,-0.5315315,-0.17073171,-0.3916821,-0.24251649,5408.13
14.0,0.33648035,1.2094594,0.347454,-0.23016664,0.016235413,13580.1
5.0,0.14954683,1.1554054,0.3406076,0.49394673,0.30187723,14983.0
10.0,1.0181268,-0.7477477,-0.6469833,-0.64292836,-0.48452562,2751.5303
10.0,1.1110272,-0.7387387,-0.68421054,-0.6585956,-0.30999494,1956.8201
12.0,0.9176737,-0.045045044,0.5348738,-0.4879647,-0.19685438,8143.29
8.0,-1.6299094,-1.0112612,-1.0094137,-0.1388691,-0.45256215,4258.15
8.0,-1.614426,-1.0112612,-1.0094137,-0.10625267,-0.32978183,4370.37
1.0,-1.581571,-1.0112612,-1.0094137,-0.17718273,-0.43328258,7806.37
4.0,-0.3489426,2.0833333,0.49978605,0.079760715,-0.061390158,11812.4
12.0,0.37034288,0.9572072,0.76850665,-0.70388836,-0.51243025,8881.811
7.0,-2.0075529,-0.7364865,-0.6927685,-1.1241988,-0.9647387,3791.1401
8.0,-2.1064954,-0.9369369,-0.88703465,-0.8238143,-1.2031964,154.443
10.0,-1.114426,-0.2725225,-0.563543,-1.1280445,-0.82597667,6203.2
4.0,-0.006042296,1.599099,0.7291399,0.38484547,0.42668697,18209.398
5.0,-0.489426,1.2815316,0.63414633,0.6554622,0.5631659,16923.2
7.0,-2.056269,-0.9504505,-1.0201112,-1.5118929,-1.3130391,1752.3801
7.0,-2.056269,-0.9504505,-1.0201112,-1.5118929,-1.3130391,2757.7
7.0,-2.056269,-0.9504505,-1.0201112,-1.5118929,-1.3130391,1742.9401
7.0,1.4981871,-1.2094594,-1.4030808,-1.1408632,-0.88483006,2700.8801
10.0,0.5266873,0.481982,1.3410355,-0.10824669,0.1288686,8012.48
4.0,0.21601209,1.7364864,1.3778348,0.31420025,0.5454084,15033.399
4.0,0.312084,0.6576577,1.504493,0.12904145,0.047691528,2824.69
1.0,0.024169184,0.03153153,-0.8442448,0.48369178,0.30289194,15439.2
10.0,0.7211486,-1.1036036,-1.4993582,-0.47372168,-0.4358194,5847.6504
11.0,0.33459213,-1.0202702,-0.75267434,0.10482837,-0.5093861,5030.7197
5.0,0.34214503,1.2184684,2.275567,0.5628828,0.6296296,25399.2
1.0,-0.8836858,-0.17792793,-0.20710312,-0.31847316,-0.15778792,9284.56
12.0,0.4070997,0.1891892,1.0735986,-0.5648768,-0.31303906,16003.0
13.0,0.66314197,1.4076576,1.1009842,-0.18401937,-0.04464739,8265.311
12.0,-0.015861027,0.009009009,0.6585366,-0.6272611,-0.46879756,9318.2
7.0,1.5639472,-0.5292793,-0.1724433,-1.0377439,-0.7493658,1174.51
7.0,1.3723565,-1.286036,-1.6726573,-1.151403,-0.85540336,749.392
7.0,1.152568,-1.2905406,-1.6799315,-1.1388692,-0.89497715,616.27997
12.0,0.6767372,-0.972973,-0.7154471,0.23728813,0.86098427,17513.7
4.0,0.014728096,0.4481982,0.5365854,0.18344966,0.17757483,12518.0
10.0,0.7824773,-0.44594595,0.68335474,-0.13758723,-0.08523592,6276.2
10.0,1.3976586,-0.6891892,-0.45656824,-1.0989888,-0.90360224,1023.32
10.0,1.0850952,-1.2004504,-1.6140351,-0.950292,-0.7123288,3616.68
10.0,1.325781,-0.5698198,-0.24390244,-1.0890187,-0.90106547,2065.98
9.0,-0.8761329,-0.47522524,-0.8245614,-0.21193562,-0.19685438,3563.23
5.0,0.25528702,0.27477476,0.22379118,0.27659878,0.20649417,17559.5
5.0,-0.20090635,-0.11486486,-0.11553273,0.4016522,-0.0010147133,9681.25
8.0,-0.41238672,0.35135135,-0.54428756,-0.2042444,-0.55809236,5152.1196
14.0,0.35687312,0.44144145,0.3928113,0.07662726,-0.02891933,13601.601
5.0,0.19335347,0.41216215,0.37869063,0.5207235,0.23541349,17465.9
4.0,0.34717977,0.44144145,0.3928113,0.07719698,-0.0065956367,13110.0
10.0,0.8361027,-0.5878378,-0.18356867,-0.5141718,-0.35261288,9982.42
10.0,0.78927493,-0.5472973,-0.059050065,-0.46546075,-0.09436834,4397.38
12.0,1.0246723,-0.1036036,0.77920413,-0.62612164,-0.31202435,10896.2
8.0,-1.8111782,-0.9684685,-1.0376551,-0.12234724,-0.44190767,4382.04
8.0,-1.7756797,-0.9684685,-1.0376551,-0.051417176,-0.33409438,4958.98
8.0,-1.8070241,-0.9684685,-1.0376551,-0.07662726,-0.38863522,8591.3
4.0,-0.10347432,1.0833334,0.9400941,0.16977638,-0.08219178,12780.0
12.0,0.43202418,0.045045044,0.54343176,-0.52357215,-0.2881786,11744.699
7.0,-2.1324275,-0.6779279,-0.75438595,-1.484404,-1.2587519,4061.81
8.0,-2.305136,-0.9707207,-1.0081301,-0.54607606,-0.9223744,2185.67
10.0,-0.75,-0.8603604,-0.8694908,-0.8739496,-0.6347032,6464.74
4.0,-0.17900302,0.731982,1.0915704,0.47172767,0.27245054,14717.0
5.0,-0.26435044,0.740991,0.6204536,0.7631391,0.40943682,16615.9
7.0,-2.589124,-1.0878378,-1.2926829,-0.7753881,-0.6260781,2152.41
7.0,-2.589124,-1.0878378,-1.2926829,-0.7753881,-0.6260781,467.38602
7.0,-2.589124,-1.0878378,-1.2926829,-0.7753881,-0.6260781,2140.3398
7.0,1.4932024,-1.2252252,-1.4189131,-1.1585244,-0.89142567,2594.39
10.0,0.5025181,-0.14864865,0.8677792,-0.10881641,0.15626585,8203.31
12.0,0.6941088,-0.32207206,0.3406076,-0.288278,0.053779807,12367.0
4.0,0.23413897,0.6283784,1.1193838,0.7013246,0.847793,14826.2
4.0,0.30966768,0.09684685,1.2802739,0.6292551,0.920345,10280.899
1.0,0.35951662,0.6283784,-0.7008986,0.42728955,0.28158295,19338.6
10.0,0.67270845,-1.0923424,-0.88660675,-0.44495085,-0.36681888,5968.78
11.0,0.41200906,-0.7522523,-1.0261018,0.28941748,-0.093860984,21499.9
5.0,0.3663142,1.09009,2.6375694,0.70047003,0.6265855,29998.4
10.0,-2.6404834,-1.2364864,-1.6559691,-1.5986327,-1.472349,13.5528
1.0,-0.6042296,-0.7927928,-0.7150192,0.21193562,-0.011669204,9730.71
12.0,0.8076541,-0.2972973,0.29097134,-0.5776955,-0.3313039,16966.4
13.0,0.78172207,0.39864865,0.82755667,-0.046147272,0.14561136,12618.7
12.0,0.4573263,-0.038288288,0.665383,-0.6617291,-0.34855404,8963.141
7.0,1.4682779,-0.9256757,-0.88703465,-0.97507477,-0.6636225,2371.99
7.0,1.3593662,-1.2882882,-1.4133505,-1.1143712,-0.80466765,1434.33
7.0,1.2817221,-1.3018018,-1.4313222,-1.1220623,-0.86757994,1189.87
12.0,0.6670689,-0.7252252,-1.0008558,-0.033898305,0.20446473,18110.2
11.0,0.54783535,-0.7252252,-1.0008558,-0.35621706,-0.3561644,11258.199
4.0,0.16012084,0.072072074,0.35515618,0.013958125,0.057331305,14309.0
10.0,1.1608762,-0.045045044,-0.18185708,-0.29568437,-0.19228818,6771.86
10.0,1.3250759,-0.9774775,-0.98416775,-1.0878792,-0.8909183,1011.57996
10.0,1.2029834,-1.1801802,-1.114677,-0.91012675,-0.5961441,4976.19
10.0,1.2535242,-0.9054054,-0.84809583,-1.0351802,-0.8031456,2966.34
9.0,-1.3519638,0.0045045046,-0.483098,-0.13160518,-0.15829529,3731.1301
5.0,0.081571,0.6981982,0.45785195,0.0777667,0.07458143,17120.0
5.0,-0.2467266,0.509009,-0.06760804,0.27802306,-0.16894977,8882.01
8.0,-0.15256798,0.5540541,-0.16431323,-0.16379434,-0.43378997,5659.12
12.0,0.33987916,0.963964,0.7274283,-0.07577268,-0.020294268,15045.8
5.0,0.0755287,0.9279279,0.70603335,0.38940322,0.46067986,17266.3
4.0,0.32401812,0.963964,0.7274283,0.06836633,-0.00050735666,14376.899
12.0,0.77794564,0.8085586,2.1831408,-0.44153255,-0.14916286,12804.9
8.0,-1.5679759,-0.9684685,-1.0526316,-0.15425153,-0.36504313,0.0
8.0,-1.554003,-0.9684685,-1.0526316,-0.14086312,-0.29705733,0.0
8.0,-1.5211481,-0.9684685,-1.0526316,-0.14228742,-0.42009133,4.0376897
4.0,-0.08610272,1.463964,0.60248184,0.23785785,0.00761035,11899.101
12.0,0.2734139,0.5067568,0.74454427,-0.27944738,-0.19228818,9922.609
7.0,-1.8168429,-0.6283784,-0.93495935,-1.5567583,-1.3906647,3507.79
8.0,-1.8251511,-0.9774775,-1.1198118,-0.74462324,-0.99720955,2570.72
10.0,-1.234642,-0.3198198,-0.79075736,-0.97251105,-0.75443935,6749.14
4.0,-0.07200452,0.9594595,0.72272146,0.33584958,0.15880264,13755.4
5.0,-0.09818731,1.286036,0.6118956,0.7477567,0.52207,16065.2
7.0,-2.3247733,-1.0855856,-1.2580231,-1.6462042,-1.5621512,2118.23
7.0,-2.3247733,-1.0855856,-1.2580231,-1.6462042,-1.5621512,70.8042
7.0,-2.3247733,-1.0855856,-1.2580231,-1.6462042,-1.5621512,1946.56
7.0,1.2245725,-1.027027,-1.0616175,-1.1645064,-0.90005076,3458.27
10.0,0.29305136,0.6103604,1.4925117,-0.16863695,0.07559615,12922.801
12.0,0.3106752,0.12162162,0.94822425,-0.12989603,0.12937595,11679.699
4.0,0.035876133,1.1824324,1.1292255,0.2737502,0.35159817,17429.1
4.0,0.19070996,0.8130631,1.2212238,0.25950718,0.64687973,13704.6
1.0,0.13293052,-0.4391892,-0.57980317,0.4050705,0.34348047,16135.8
10.0,0.4839885,-0.8400901,-0.80487806,-0.4440963,-0.48756975,5667.34
11.0,0.38356042,-1.4256756,-1.3316218,0.15325452,-0.06240487,15471.5
10.0,-2.7862537,-1.1824324,-1.5519897,-1.5766984,-1.4292238,6518.9697
1.0,-0.94133985,-0.29954955,-0.44415918,-0.002848597,-0.062912226,9015.39
12.0,0.5546329,0.17567568,0.76679504,-0.5905142,-0.35413495,17751.701
13.0,0.41540787,0.7297297,1.0740266,-0.0014242985,0.21258244,13498.399
12.0,0.32439578,0.2454955,0.35857937,-0.59792054,-0.45459157,12696.801
7.0,1.5186299,-0.8648649,-0.7736414,-1.0086882,-0.72501266,1567.69
7.0,1.0324774,-1.1373874,-1.258879,-1.1169349,-0.84576356,2798.74
7.0,0.96903324,-1.1531532,-1.2901155,-1.1271899,-0.8650431,1811.38
12.0,0.6876888,-1.4121622,-1.3102268,-0.11992594,0.25672248,19029.8
11.0,0.44833806,-1.4121622,-1.3102268,-0.5879504,-0.63165903,12239.2
12.0,0.6756042,-1.4121622,-1.3102268,0.06665717,0.5707763,26880.701
17.0,-0.07779456,0.6283784,0.42062473,-1.4522148,-1.3242009,482.612
4.0,-0.04833837,0.6283784,0.42062473,0.08659735,0.15829529,13438.9
10.0,1.0372614,-1.1914414,-0.39537868,-0.53639084,-0.45459157,4380.3203
10.0,1.2769381,-0.9301802,-0.8921695,-1.059963,-0.8944698,1472.98
10.0,0.7698897,-0.9842342,-1.0363715,-0.938043,-0.6636225,4984.37
10.0,1.276435,-0.8243243,-0.6983312,-1.0511323,-0.84474885,2032.49
9.0,-1.3572508,0.5810811,-0.32605904,-0.15952143,-0.19634703,3943.18
5.0,0.06042296,0.3716216,0.33162174,0.24213076,0.15677321,17390.7
5.0,-0.8089124,0.490991,-0.3453145,0.22304516,-0.10045662,3910.7102
8.0,-0.4176737,0.018018018,-0.3076594,-0.122489676,-0.5083714,5715.7705
14.0,0.33157098,0.6734234,0.699187,-0.011679248,-0.043125317,1644.64
5.0,-0.009818731,0.6328829,0.66238767,0.39453068,0.332826,19237.6
4.0,0.26334292,0.6734234,0.699187,0.0074063526,-0.09589041,13805.0
12.0,0.9244713,-0.0518018,0.7488233,-0.4170346,-0.01674277,11187.6
8.0,-1.5728852,-0.6734234,-0.49721867,-0.032046717,-0.34703195,4775.2803
8.0,-1.5324774,-0.6734234,-0.49721867,0.056117363,-0.22196855,2824.95
8.0,-1.5463247,-0.6734234,-0.49721867,-0.081612304,-0.325723,4.0376897
4.0,-0.29758307,1.5337838,0.5271716,0.14299957,0.10197869,11320.5
7.0,-1.4872855,-0.4189189,-0.559264,-0.7590087,-0.5892948,4256.02
7.0,-1.9003022,-0.5833333,-0.57980317,-0.9004415,-0.8868595,3700.6
10.0,-0.9003021,-0.16441442,-0.38981602,-1.1590941,-0.8863521,6832.48
4.0,-0.16956194,1.1126126,0.6157467,0.34354082,0.19127347,15495.601
5.0,-0.2779456,1.2297298,0.46812153,0.6856573,0.5991882,14722.1
7.0,-2.1604984,-0.8265766,-1.1176722,-1.6409343,-1.5517504,1968.38
7.0,-2.1604984,-0.8265766,-1.1176722,-1.6409343,-1.5517504,2594.1
7.0,-2.1604984,-0.8265766,-1.1176722,-1.6409343,-1.5517504,2653.19
7.0,1.1458958,-1.0067568,-1.0329483,-1.1163652,-0.8442415,3111.5303
7.0,1.1531729,-0.9752252,-0.97860503,-1.0844609,-0.80974126,4378.12
10.0,0.29154077,0.6441441,1.7317073,-0.16920666,0.1486555,23108.602
12.0,0.6485393,-0.024774775,0.7740693,-0.25979206,-0.1217656,9869.59
4.0,0.1223565,0.9369369,1.4736842,-0.14299957,-0.15423642,17284.1
4.0,0.12160121,0.8468468,1.7723577,0.16180031,0.04261796,13243.7
1.0,0.18429004,0.30855855,-0.5344459,0.48255235,0.29883307,18192.5
10.0,0.56646526,-0.6936937,-0.4330338,-0.53781515,-0.56367326,6822.7397
11.0,0.4345423,-0.8761261,-1.2366282,-0.2347244,-0.3277524,12433.6
10.0,-2.5419185,-1.2477478,-1.7094566,-1.6578835,-1.5514967,1248.5399
1.0,-0.6937311,0.013513514,-0.28155756,-0.035037745,-0.24302384,8282.101
12.0,0.3951405,0.5067568,1.055199,-0.6292551,-0.41501775,16077.1
13.0,0.6238671,0.5788288,1.1300813,-0.13872668,0.0761035,14659.9
10.0,0.39312688,-0.4189189,-1.2109542,-0.49394673,-0.63419586,3913.18
12.0,-0.029645015,0.4009009,0.71801454,-0.78080046,-0.6154236,6738.0703
12.0,0.13519637,0.3918919,0.712024,-0.64720124,-0.41856927,11319.101
10.0,0.6465257,-0.4144144,-1.1330765,-0.79988605,-0.8061898,14731.4
10.0,0.91087615,-0.6171171,-1.0872914,-0.8420453,-0.8158295,2190.2
7.0,1.3568732,-0.8693694,-0.7783483,-0.9411765,-0.6362253,2116.29
7.0,1.0857251,-1.063063,-1.1210954,-1.0961401,-0.8356164,2258.14
7.0,1.0373867,-1.0788288,-1.1527599,-1.0836064,-0.8417047,1410.22
12.0,0.8136964,-0.8468468,-1.2126658,0.19455919,0.3805175,18369.398
12.0,0.7885196,-0.8468468,-1.2126658,0.37088734,1.0020294,23029.1
17.0,-0.100453176,0.37387386,0.123662814,-1.4918103,-1.3287672,365.09
4.0,-0.0581571,0.37387386,0.123662814,-0.23500925,-0.0913242,12809.2
10.0,1.1140484,-0.32207206,-0.5498502,-0.4842615,-0.28310502,5778.96
10.0,1.0619335,-0.9369369,-0.89987165,-1.0853155,-0.8985287,2877.71
10.0,0.7296072,-0.8288288,-0.66024816,-0.8930352,-0.6428209,6128.52
10.0,1.0382674,-0.8445946,-0.7398374,-1.0867398,-0.83510906,3633.77
11.0,-1.2711481,-0.17117117,-0.6050492,-0.15040593,-0.11922882,4392.07
5.0,0.13720998,0.29054055,0.61317927,0.38228172,0.21461187,14907.1
12.0,0.12386707,0.3873874,0.6910569,-0.31847316,-0.026382547,13824.5
8.0,-0.3648036,0.058558557,-0.436457,-0.18202536,-0.47234905,6721.12
14.0,0.2620846,0.5,0.8451006,0.17661302,0.3490614,19245.5
5.0,0.04607251,0.4662162,0.8237056,0.617291,0.52663624,20238.7
4.0,0.25100753,0.5,0.8451006,0.11536818,-0.10451548,12822.3
12.0,0.7703928,0.8130631,1.6683782,-0.34097707,0.053779807,23606.799
5.0,-0.17492418,0.3716216,0.5571245,0.24270047,-0.036022324,12335.0
12.0,0.7522659,0.9594595,1.838682,-0.3463894,-0.01217656,440.50998
8.0,-1.3821752,-0.8378378,-0.9550706,0.024925224,-0.35514966,4942.16
8.0,-1.3721677,-0.8378378,-0.9550706,0.06437829,-0.21131405,5749.81
8.0,-1.3539773,-0.8378378,-0.9550706,-0.0094003705,-0.31506848,6922.66
4.0,-0.25075528,1.1081082,0.7278562,0.20737787,0.07813293,11534.0
7.0,-1.4856496,-0.5495495,-0.6478391,-1.4650334,-1.2359209,7061.74
10.0,-0.82477343,-0.22072072,-0.80487806,-1.132887,-0.81075597,7914.27
14.0,0.31268883,0.795045,1.190843,0.40051275,0.6610857,14165.4
4.0,0.016616315,0.6711712,0.8562259,0.35578978,0.20852359,17246.8
5.0,-0.26510575,0.7454955,0.66153187,0.74291414,0.50076103,12820.601
7.0,-2.1865559,-0.9436937,-1.2520325,-1.6484832,-1.5664637,2718.9402
7.0,-2.1865559,-0.9436937,-1.2520325,-1.6484832,-1.5664637,2574.65
7.0,-2.1865559,-0.9436937,-1.2520325,-1.6484832,-1.5664637,0.0
7.0,1.4224577,-0.7635135,-0.59264016,-1.1004131,-0.84474885,2938.69
7.0,1.3413898,-0.722973,-0.5233205,-1.0667996,-0.8411974,3056.3901
10.0,0.25830814,1.2882882,2.287976,-0.1965532,-0.05936073,9766.35
12.0,0.57069457,0.4009009,1.4180573,-0.2501068,-0.043125317,11161.899
4.0,0.0929003,1.3941442,1.5738126,0.104543515,0.21410452,16451.5
4.0,0.18126889,1.2905406,2.1480532,0.32644922,0.26128867,9453.96
1.0,0.10649547,0.22297297,-0.8267009,0.48824954,0.28970066,17546.1
10.0,0.771148,-0.4099099,-0.011553274,-0.47543085,-0.5383054,6978.4004
11.0,0.4317719,-1.2027028,-1.0372273,-0.07833642,-0.12075089,12141.801
4.0,0.168429,1.7072072,2.7257168,0.6058966,0.5317098,17157.9
10.0,-2.7459712,-1.2657658,-1.6491228,-1.5371029,-1.3505834,2311.02
1.0,-0.6623867,0.033783782,-0.4360291,-0.2934055,-0.16235414,9438.351
12.0,0.42296073,0.5968468,1.902867,-0.5329725,-0.4439371,19489.3
13.0,0.75377643,0.8333333,1.4792469,-0.19057114,-0.061390158,16301.601
10.0,0.40483382,-0.6396396,-0.9610612,-0.6591654,-0.53120244,8376.51
12.0,0.29758307,0.4954955,1.1972615,-0.58196837,-0.40537798,15095.8
12.0,0.23640484,0.4864865,1.1805733,-0.22788776,-0.07864028,11366.3
10.0,0.5925227,-0.6441441,-0.94608474,-0.73123485,-0.7366819,7303.8096
10.0,0.8136964,-0.8130631,-1.1026958,-0.8021649,-0.7473364,3503.44
7.0,1.4675226,-0.8783784,-0.80316645,-1.1081042,-0.8792491,1848.21
7.0,1.3232628,-0.8941441,-0.8335473,-1.0827518,-0.8594622,1770.6599
12.0,0.7386707,-1.1801802,-1.0235344,0.2532403,0.63318115,14361.601
12.0,0.73640484,-1.1801802,-1.0235344,0.35635948,1.1273465,24621.898
4.0,-0.012689412,0.06306306,0.21181001,0.27659878,0.09690513,13164.9
10.0,0.9905589,-0.7162162,-0.2605905,-0.21165076,-0.06494165,5812.3
10.0,1.2122357,-0.6216216,-0.32991013,-0.99302095,-0.7853881,1469.51
10.0,0.93844414,-0.5990991,-0.28369704,-0.81526846,-0.6210046,7983.74
10.0,1.0561936,-0.4774775,-0.07145914,-0.838627,-0.58751905,4845.11
5.0,0.33969033,0.3063063,0.19469406,0.24355505,0.3536276,17081.0
8.0,0.27039275,1.9346846,0.1762944,0.20823245,-0.18721461,4577.62
12.0,0.42950606,0.4527027,0.31151047,-0.1774676,0.12582445,13506.899
8.0,-0.44486403,0.058558557,-0.305092,-0.023358496,-0.34601724,7826.79
14.0,0.50100756,0.5923423,0.5250321,0.025067654,0.107559614,19167.4
5.0,0.23564954,0.5382883,0.49165598,0.54607606,0.68239474,17484.7
4.0,0.43288714,0.5923423,0.5250321,0.10311922,-0.0456621,14363.399
12.0,0.57854986,0.26126125,1.4976466,-0.043298677,0.28970066,14947.801
12.0,0.5770393,0.2882883,1.5652546,-0.44352657,-0.22628108,13930.5
5.0,-0.17824773,0.6193694,0.59092855,0.24953711,-0.16336885,7931.85
12.0,0.59950906,0.35585585,1.6859221,-0.25494945,0.08726535,13438.7
8.0,-1.3348444,-0.9211712,-0.77021825,0.13473864,-0.30010146,5263.6904
8.0,-1.3625377,-0.9211712,-0.77021825,0.24797037,-0.10172501,6019.87
8.0,-1.3746223,-0.9211712,-0.77021825,0.18601339,-0.31456113,8146.95
4.0,-0.06344411,0.7207207,0.3465982,0.16578835,0.11821411,13002.4
12.0,0.84108734,-0.6644144,-0.5271716,0.3096425,0.3713851,26495.4
7.0,-1.2875121,-0.5540541,-0.5665383,-0.2156388,-0.12480974,3565.83
10.0,-0.9176737,-0.33783785,-0.7466838,-1.1790344,-0.7366819,7456.6104
14.0,0.3288021,0.46396396,1.0051348,0.24953711,0.35971588,16601.898
4.0,-0.09818731,0.44594595,0.49165598,0.38370603,0.29883307,15454.6
5.0,-0.07326284,0.7657658,0.55241764,0.8087167,0.5849822,13482.801
7.0,-2.189577,-1.063063,-1.1245186,-1.6265489,-1.5215627,2240.84
7.0,-2.189577,-1.063063,-1.1245186,-1.6265489,-1.5215627,1889.69
7.0,-2.189577,-1.063063,-1.1245186,-1.6265489,-1.5215627,2454.93
7.0,1.4622357,-1.0337838,-1.0877193,-1.1072497,-0.8604769,2579.75
7.0,1.4169184,-1.0045046,-1.0363715,-1.0605327,-0.81887364,3479.5999
10.0,0.34768426,0.990991,2.3919556,0.14926648,0.39979705,13624.699
10.0,0.48489425,0.3626126,1.4407359,-0.0034183164,0.06494165,14405.699
4.0,0.21097733,0.9481982,1.6854942,0.5070503,0.3409437,18243.0
4.0,0.38406345,0.7612613,2.3641422,0.39538527,0.34246576,16287.0
1.0,0.14551814,0.4346847,-0.67565256,0.41048282,0.27092847,14853.0
10.0,0.7212991,-0.8716216,-0.7398374,-0.55889475,-0.5129376,6424.75
11.0,0.41943654,-0.7387387,-0.59178436,-0.2361487,-0.26433283,7741.0103
4.0,0.18202417,1.9481982,2.9435174,0.4292836,0.19076611,17139.8
10.0,-2.4339123,-1.3378378,-1.5866495,-0.92949724,-0.695586,2132.42
8.0,-0.6283988,-0.1981982,-0.6970475,0.07805156,-0.092846274,11350.0
12.0,0.44127643,0.47522524,1.7111682,-0.47913402,-0.20040588,17959.0
9.0,0.7734139,1.7297298,3.1095421,0.22788776,0.45966515,19090.7
13.0,0.6953671,0.5540541,1.2323492,-0.18544367,0.062912226,19632.2
9.0,0.14249699,0.4301802,1.0299529,0.07662726,-0.09335363,8745.24
10.0,0.24962236,-0.6644144,-0.93795466,-0.4851161,-0.391172,7668.72
12.0,0.32779455,0.47297296,1.241335,-0.42501068,-0.26382548,7957.08
12.0,0.21072507,0.4662162,1.2267865,-0.074063525,-0.02130898,10397.5
10.0,0.73753774,-0.6599099,-0.87505347,-0.7278165,-0.68899035,6044.4897
10.0,0.9848943,-0.8220721,-1.0457852,-0.7733941,-0.7909691,4048.73
7.0,1.3749248,-1.1486486,-1.2845528,-1.0881641,-0.8209031,2684.9302
10.0,1.2744215,-1.1621622,-1.308943,-1.0571144,-0.82191783,2609.91
12.0,0.44675228,-0.777027,-0.6551134,0.088876225,0.55606294,17995.9
12.0,0.76521343,-0.7004505,-0.57894737,0.09457342,0.48554033,16077.0
12.0,0.7643505,-0.7004505,-0.57894737,0.45378152,1.217656,20473.6
4.0,0.013595167,0.3918919,0.3988019,-0.031619426,-0.016235413,13550.601
10.0,1.0453172,-0.013513514,0.80017114,-0.11081043,0.08472856,7245.2
10.0,1.2017694,-0.7882883,-0.63414633,-1.0462897,-0.8711314,1599.12
10.0,0.94033235,-0.9752252,-0.97860503,-0.873095,-0.5794013,6286.29
10.0,1.1369592,-0.6756757,-0.4330338,-1.0027062,-0.78843224,3647.28
5.0,-0.056646526,0.9144144,0.4398802,0.28429,0.38153222,17991.5
8.0,0.42673716,1.9031532,0.18870346,0.18914685,-0.297311,4341.74
12.0,0.106747724,1.0337838,0.50278133,-0.23928215,0.1709792,11802.1
8.0,-0.41691843,0.074324325,-0.26529738,-0.029910268,-0.3642821,0.0
14.0,0.3851964,1.2004504,0.80616176,0.06808147,0.11060376,20147.2
5.0,0.17673716,1.1554054,0.79332477,0.35522005,0.29173008,16786.3
4.0,0.35800603,1.2004504,0.80616176,0.123629116,0.19989853,13980.0
12.0,0.63141996,0.3536036,1.4223363,-0.22190571,0.18873668,16125.2
12.0,0.57477343,0.3536036,1.4219084,-0.2763139,-0.09335363,6842.19
5.0,-0.21223564,0.4864865,0.36285836,0.10853155,-0.13800101,5594.46
12.0,0.72432023,0.42117116,1.5494224,-0.3315767,-0.008625063,18165.9
8.0,0.37865105,1.1936936,1.9452289,0.37516025,0.5109082,21436.102
8.0,-1.3091646,-0.8536036,-0.9084296,-0.0044153254,-0.261035,5424.1997
8.0,-1.1744713,-0.8536036,-0.9084296,0.016521864,-0.2072552,4476.55
8.0,-1.1621344,-0.8536036,-0.9084296,0.04087737,-0.2587519,6692.06
4.0,-0.15256798,1.3963964,0.55156183,0.12448369,0.11161847,13318.9
12.0,0.7488671,-0.5698198,-0.7633718,0.33812848,0.68696094,21508.201
12.0,0.76762384,-0.5945946,-0.8087291,-0.24554907,-0.51598173,16872.0
12.0,0.83081573,0.022522522,-0.18185708,-0.93861276,-0.54287165,19480.799
12.0,0.83081573,0.022522522,-0.18185708,-0.8483122,-0.514967,8215.83
12.0,0.9478852,0.022522522,-0.18185708,-0.7360775,-0.48503298,14587.199
12.0,0.95959216,-0.045045044,-0.23234917,-0.7830793,-0.4743785,15034.2
7.0,-1.5830816,-0.5833333,-0.72058195,-0.26121634,-0.23642822,4153.1797
10.0,-1.0276934,-0.3063063,-0.62344885,-1.1394389,-0.869102,7709.14
14.0,0.3383686,1.0608108,1.4176295,0.15638798,0.6555048,14788.101
4.0,-0.097432025,1.036036,0.66195977,0.3238855,0.3125317,13559.9
10.0,1.1676737,-1.1644144,-1.3286264,-0.6534682,-0.49619484,4925.22
5.0,-0.28121904,0.9842342,0.4356012,0.7155676,0.5043125,13734.9
7.0,-1.9652568,-0.8716216,-1.0603337,-1.6332431,-1.5403348,1880.62
7.0,-1.9652568,-0.8716216,-1.0603337,-1.6332431,-1.5403348,2173.42
7.0,-1.9652568,-0.8716216,-1.0603337,-1.6332431,-1.5403348,3047.6199
7.0,1.3031224,-1.0202702,-1.0534874,-1.0653753,-0.76306444,4634.14
7.0,1.2915407,-0.9887387,-1.0034232,-1.0360347,-0.782344,4284.2
10.0,0.4813701,1.0382882,2.5934958,0.03731662,0.3921867,14606.0
10.0,0.50332355,0.4391892,1.6465554,-0.13445379,-0.06392694,17611.701
4.0,0.23187311,1.195946,1.8677793,0.6856573,0.65398276,16249.8
4.0,0.4103731,0.7635135,2.0624733,0.37572995,0.27346525,15563.399
1.0,0.40067977,0.45495495,-0.6551134,0.37373593,0.20243531,16636.701
10.0,0.64803624,-0.7815315,-0.6191699,-0.48654038,-0.48655504,7174.77
11.0,0.32779455,-0.6509009,-0.80830127,-0.15667284,-0.20700152,14013.7
4.0,0.2265861,1.5292792,2.885323,0.46175757,0.4028412,20192.1
10.0,-2.37432,-1.168919,-1.5074883,-1.577553,-1.4074074,1832.14
7.0,-1.7972054,-0.5855856,-0.8326915,-0.9210939,-1.1326737,7640.6597
12.0,0.6002009,0.6103604,1.8044502,-0.57741064,-0.38964993,18684.9
9.0,0.8227598,1.4684684,2.3534446,0.079760715,0.4297311,18349.3
10.0,0.3383686,-0.4527027,-0.8669234,-0.64036465,-0.49974632,7429.2603
12.0,0.18806647,0.20945945,0.8087291,-0.50249255,-0.07052258,9463.28
12.0,0.21148036,0.20945945,0.8087291,-0.40222192,-0.037544392,8172.8496
12.0,0.18640542,0.20945945,0.8087291,-0.49024355,-0.39167935,8302.87
10.0,0.72205436,-0.44144145,-0.8296962,-0.79191,-0.7691527,6489.3105
10.0,1.0366315,-0.6396396,-0.9037227,-0.8739496,-0.7366819,4641.7
7.0,1.2749245,-1.1148648,-1.2250749,-1.0935764,-0.8396753,2662.8298
7.0,1.2303625,-1.1261262,-1.2550278,-1.0317619,-0.7671233,2085.24
10.0,0.37613294,-0.6959459,-0.8296962,-0.07691212,-0.14611872,1914.1799
12.0,0.74018127,-0.6126126,-0.8095849,0.056117363,0.45357686,19330.7
12.0,0.7331314,-0.6126126,-0.8095849,0.1788919,0.7305936,18460.602
4.0,-0.009969198,0.5585586,0.29995722,0.15752742,0.27245054,15157.6
10.0,0.9138973,0.13063063,0.9768934,-0.38285145,-0.3054287,5971.5503
10.0,1.2993459,-0.7612613,-0.59007275,-1.0989888,-0.8767123,1850.31
10.0,1.0260574,-0.9121622,-0.8587933,-0.88705313,-0.623034,6286.8
10.0,1.1588256,-0.6441441,-0.39666238,-1.0724968,-0.8716388,3736.88
4.0,-0.15256798,1.3963964,0.55156183,0.12448369,0.11161847,15447.801
10.0,0.94259816,-0.6058559,-0.2665811,-0.7765276,-0.6164383,5254.25
12.0,0.40332326,-0.722973,-0.48951647,-0.2982481,-0.18366311,9236.93
4.0,0.4371607,1.9752252,3.0868635,0.7437687,0.71943176,1116.71
4.0,0.260574,2.018018,2.41549,0.48824954,0.4145104,14357.6
4.0,-0.097432025,1.036036,0.66195977,0.3238855,0.3125317,12699.301
7.0,-1.4779462,-0.5990991,-0.72229356,-0.62184876,-0.39421612,1760.4401
8.0,0.5684789,1.972973,3.266581,0.5489246,0.4520548,19910.0
10.0,0.65332323,0.8288288,2.3487377,-0.16835208,0.008625063,2277.31
10.0,0.59667677,0.8445946,2.3577235,-0.16635807,-0.20446473,14260.0
10.0,0.42938066,-0.7905405,-0.61232346,-0.34354082,0.050735667,2231.5
8.0,-0.54305136,-0.23873875,-0.23534445,-0.1130893,-0.32217148,1821.9
4.0,0.2439577,1.1036036,2.4993582,0.72354364,0.85235924,23336.398
7.0,1.6893247,-0.786036,-0.6478391,-0.98447514,-0.7305936,2.5527902
4.0,-0.028323263,0.41666666,0.44458708,0.13986611,-0.059868086,6516.3203
4.0,-0.07024169,0.4144144,0.45656824,0.23415467,-0.07711821,18812.9
4.0,0.43152115,1.036036,2.5913565,0.27916253,0.03348554,19535.4
4.0,-0.12537764,0.6058559,0.37997434,-0.14898163,-0.38001016,19885.2
5.0,0.25075528,0.5225225,0.014120667,0.25210086,0.20649417,19515.602
8.0,0.26183233,1.5202702,0.001711596,0.23814271,-0.2506342,4552.46
12.0,0.4018127,0.7432432,0.08130081,-0.2743199,0.04870624,13147.5
8.0,-0.56722057,0.038288288,-0.17115961,-0.27403504,-0.3571791,0.0
5.0,-0.123111784,0.6869369,0.18827556,-0.09856146,-0.08574328,0.0
12.0,0.5521148,0.4774775,1.3162174,-0.39965817,-0.05631659,13859.2
8.0,0.5216511,1.6126126,1.6418486,0.48654038,0.85235924,18525.1
8.0,-1.4101208,-0.9572072,-0.9413778,0.0901581,-0.3033993,5146.69
1.0,-1.3542296,-0.9572072,-0.9413778,0.20096852,-0.3173516,3981.4001
8.0,-1.455438,-0.9572072,-0.9413778,0.13715994,-0.26864535,6902.3496
8.0,-1.455438,-0.9572072,-0.9413778,0.13715994,-0.26864535,4527.3496
4.0,-0.2265861,1.7792792,0.5228926,0.15724255,0.15423642,16952.4
12.0,0.74358004,-0.8513514,-0.8442448,0.1731947,0.35565704,21207.6
12.0,0.7919937,-0.8716216,-0.8660676,-0.5406637,-0.69660074,15333.3
12.0,0.5035242,-0.3310811,-0.106118955,-0.828372,-0.7437849,7444.92
12.0,0.5035242,-0.3310811,-0.106118955,-0.84660304,-0.59766614,8878.061
12.0,0.54418427,-0.3310811,-0.106118955,-0.83948153,-0.6382547,5815.0703
12.0,0.5654577,-0.38963965,-0.15832263,-0.8215354,-0.6382547,4802.1797
12.0,0.3013595,0.8716216,0.63970906,-0.6651474,-0.48756975,26386.5
8.0,0.11404834,0.8761261,0.6427043,0.3421165,0.3394216,20930.2
12.0,0.13746223,0.8040541,0.70817286,0.09856146,0.19228818,5431.43
13.0,0.8293051,-0.8288288,-0.70646125,-0.7074491,-0.86859465,5782.63
7.0,-1.5611782,-0.6328829,-0.8827557,-1.260789,-1.0152206,3911.57
10.0,-0.86329305,-0.509009,-0.8553701,-1.0092579,-0.5951294,8958.319
14.0,0.45354986,1.304054,0.9529311,0.33556473,0.768138,13313.6
4.0,0.046827793,1.5067568,0.58664954,0.3124911,0.07153729,15040.601
10.0,1.1404834,-1.2927928,-1.4711168,-0.6936334,-0.5606291,1268.48
10.0,1.1404834,-1.2927928,-1.4711168,-0.6936334,-0.5606291,6233.49
5.0,-0.16767372,1.1216216,0.3928113,0.7400655,0.39523086,18304.6
7.0,-2.1672962,-0.9707207,-1.1459136,-1.6215639,-1.5157281,2000.74
7.0,-2.1672962,-0.9707207,-1.1459136,-1.6215639,-1.5157281,1637.25
7.0,-2.1672962,-0.9707207,-1.1459136,-1.6215639,-1.5157281,2574.8599
7.0,1.3972809,-1.0518018,-1.1108259,-1.0804728,-0.8006088,2989.48
7.0,1.4169184,-1.027027,-1.0697476,-1.0727817,-0.8417047,2863.7798
10.0,0.5888716,0.7612613,1.4347454,0.032758866,0.26889902,10345.301
10.0,0.59768426,0.23648648,0.8463842,-0.2466885,-0.10096398,12652.3
11.0,0.51963747,1.75,3.6632435,-0.5463609,-0.9041096,12279.5
4.0,0.32693896,1.5878378,1.5665383,0.73265916,1.0350076,17684.9
4.0,0.43277946,0.7274775,1.4073598,0.14157528,0.38559106,12735.899
1.0,0.14086103,-0.15765765,-0.7154471,0.43013817,0.16894977,12485.1
10.0,0.682213,-0.8153153,-0.70988446,-0.5457912,-0.5423643,5255.0703
11.0,0.3576284,-0.9256757,-0.9088575,0.052699044,0.019279553,17874.7
4.0,0.1102719,2.4527028,2.8168592,0.34553483,0.26737696,18506.4
10.0,-2.4099956,-1.2162162,-1.5344459,-1.6393676,-1.5509894,1985.42
7.0,-1.7190332,-0.8423423,-0.9268293,-0.9891753,-0.88609844,5699.6
12.0,0.5589124,0.6193694,1.2100984,-0.7206951,-0.47640792,16878.2
9.0,0.8243958,1.7725226,2.6872058,0.24896738,0.4581431,18864.6
10.0,0.38771448,-0.6418919,-1.0594779,-0.5566159,-0.5398275,8572.09
12.0,0.21601209,0.4234234,0.72100985,-0.45093292,-0.22222222,13171.601
12.0,0.24622357,0.4234234,0.72100985,-0.4036462,-0.3805175,15927.7
12.0,0.33585048,0.4234234,0.72100985,-0.6073209,-0.54743785,7294.2197
10.0,0.57175225,-0.6373874,-0.9610612,-0.80045575,-0.7666159,7998.0703
10.0,0.8353474,-0.8153153,-0.9875909,-0.95769835,-0.8442415,3377.0498
7.0,1.397784,-1.099099,-1.1989731,-1.1163652,-0.8670725,2241.94
7.0,1.3217523,-1.1036036,-1.2130938,-1.0565447,-0.81988835,1426.64
10.0,0.31722054,-0.9572072,-0.94608474,0.044438113,0.03652968,5476.5303
12.0,0.69561934,-0.8941441,-0.8908858,0.06551773,0.6448503,16562.4
12.0,0.67572963,-0.8941441,-0.8908858,0.19455919,0.9071537,17556.5
12.0,0.67572963,-0.8941441,-0.8908858,0.14898163,0.5261289,15180.1
4.0,0.09667674,0.5135135,0.044929396,-0.19028628,0.3500761,14508.0
10.0,1.0211481,-0.24324325,0.09927257,-0.4221621,-0.1638762,6357.11
10.0,1.3149546,-0.7882883,-0.63585794,-1.0095428,-0.8082192,1158.27
10.0,1.034693,-0.9279279,-0.8943089,-0.9656744,-0.68239474,4872.92
10.0,1.2561928,-0.6824324,-0.4360291,-1.0730665,-0.8746829,2926.24
4.0,-0.2265861,1.7792792,0.5228926,0.15724255,0.15423642,14099.399
10.0,0.6744713,0.5112613,1.1420624,0.2552343,0.25621513,16638.5
10.0,0.91087615,-0.8423423,-0.75310224,-0.9488677,-0.74327755,4820.9297
12.0,0.36455137,-0.5405405,-0.22593068,-0.5976357,-0.45154744,2542.6602
4.0,0.41465256,2.0810812,2.682499,0.5463609,0.01674277,17889.201
4.0,0.2656088,2.6306307,1.953359,0.365475,0.43937087,46.4964
4.0,0.046827793,1.5067568,0.58664954,0.3124911,0.07153729,20353.5
7.0,-1.4512839,-0.6463964,-0.88874626,-1.2152115,-0.87062407,5026.35
8.0,0.6087613,1.9684684,2.979461,0.4398234,0.6336885,20587.8
10.0,0.59667677,0.5990991,1.2725717,-0.5267056,-0.42617962,10106.2
10.0,0.6450151,0.6171171,1.2777065,-0.5540521,-0.37290716,6066.26
10.0,0.51586103,-0.5112613,-0.24219084,-0.6503347,-0.28665653,6191.28
8.0,-0.7512583,-0.481982,-0.5335901,-0.20823245,-0.18721461,7327.93
4.0,0.047960725,2.0427928,2.2049637,0.56858,0.7463217,20824.0
7.0,1.4856496,-0.7072072,-0.4796748,-0.9924512,-0.63165903,2150.1199
4.0,-0.02265861,0.7454955,0.25246042,-0.026491953,-0.017757483,14652.7
5.0,0.34743202,2.2770271,2.7359862,0.5896596,0.48300356,17947.8
4.0,-0.15055437,0.7545045,0.2682927,-0.041874375,-0.087772705,9472.68
4.0,0.51283985,0.7567568,1.4197689,0.43868396,0.26889902,12897.9
4.0,0.06042296,0.786036,0.20838682,-0.27175617,-0.36681888,13498.5
5.0,0.044561934,0.6283784,0.15275995,0.09485828,0.25317097,14399.9
8.0,0.12537764,0.8423423,0.2623021,0.15667284,-0.37442923,4140.92
12.0,0.14199395,0.6531532,0.015404365,-0.39253667,0.09690513,8992.23
8.0,-1.0430514,0.02027027,-0.28455284,-0.16721265,-0.34246576,0.0
5.0,-0.22104684,0.6103604,0.2635858,0.062099416,-0.07204465,7716.4204
12.0,0.5780468,0.722973,1.7051775,-0.24156103,0.15677321,13110.301
8.0,0.3115559,1.6463964,1.6089003,0.20652328,0.72196853,21057.3
8.0,-1.0188822,-0.6959459,-0.88789046,0.09699473,-0.35286656,5109.37
1.0,-0.9433535,-0.6959459,-0.88789046,0.16806723,-0.15880264,4290.27
8.0,-1.0075529,-0.6959459,-0.88789046,0.03845606,-0.30593607,8328.87
8.0,-1.0075529,-0.6959459,-0.88789046,0.03845606,-0.30593607,5925.5
4.0,-0.2326284,1.5945946,0.35900727,0.118216775,0.08219178,13045.8
12.0,0.8237659,-0.23198198,-0.45528457,0.30593932,0.60629123,25475.8
12.0,0.8017372,-0.25225225,-0.4805306,-0.5412334,-0.59868085,16095.301
12.0,0.5517372,-0.3783784,-0.036799315,-0.89616865,-0.7351598,10551.1
12.0,0.5517372,-0.3783784,-0.036799315,-0.88334996,-0.69000506,9494.71
12.0,0.6495468,-0.3783784,-0.036799315,-0.8087167,-0.7275495,8382.68
12.0,0.695997,-0.43243244,-0.09242619,-0.8033044,-0.6296296,10122.101
12.0,0.06042296,0.6689189,0.54086435,-0.7078764,-0.49213597,1665.91
8.0,-0.14539275,0.6846847,0.53145057,0.22105113,0.3267377,17101.5
12.0,0.008308157,0.7004505,0.53145057,-0.57883495,-0.3921867,10928.7
12.0,0.08711026,0.6666667,0.6161746,-0.3802877,-0.27143583,15767.5
13.0,0.7968278,-0.12837838,-0.10183997,-0.58424723,-0.854896,8026.17
7.0,-1.3353474,-0.25,-0.55498505,-0.36319613,-0.25672248,5223.04
10.0,-1.108006,-0.5765766,-1.1364998,-1.0898732,-0.72399795,7946.6997
4.0,-0.108383685,1.5923424,0.7056055,0.3936761,0.3992897,15401.5
5.0,-0.505287,1.4076576,0.3046641,0.67882067,0.5423643,23234.9
7.0,-2.0173717,-0.9324324,-1.020967,-1.2727531,-1.1187215,2428.77
7.0,-2.0173717,-0.9324324,-1.020967,-1.2727531,-1.1187215,2242.15
7.0,-2.0173717,-0.9324324,-1.020967,-1.2727531,-1.1187215,3317.3198
7.0,1.395468,-1.0337838,-1.0821567,-1.0605327,-0.8183663,3352.7803
7.0,1.4263595,-1.0045046,-1.0278134,-1.0522717,-0.82039577,3344.79
12.0,0.45090634,0.5878378,1.2306376,-0.20595357,0.029426686,12107.199
4.0,0.21487916,1.5563064,1.4963628,0.53325737,0.9543379,18048.6
4.0,0.4425982,1.3716216,2.0547712,0.31932774,0.32369354,15288.8
1.0,0.1163142,0.10135135,-0.57552415,0.43241704,0.15271436,15624.699
10.0,0.897281,-0.8378378,-0.7047497,-0.51075345,-0.49264333,3760.74
11.0,0.29305136,-0.36486486,-0.53958064,0.035892323,-0.010147134,16594.3
4.0,0.254784,1.972973,2.7060335,0.45890898,0.332826,17843.5
10.0,-2.4023156,-1.1441442,-1.3423193,-1.6191425,-1.4667681,7751.24
7.0,-1.7424471,-0.16216215,-0.85066324,-0.9200969,-0.73592085,3645.4902
12.0,0.50100756,0.7612613,1.4000856,-0.59535676,-0.42313546,11626.2
9.0,0.81148064,2.536036,2.9597776,0.1569577,0.53678334,18796.701
10.0,-0.003021148,-0.6036036,-0.9670518,-0.57171345,-0.6407915,8616.69
12.0,0.15558912,0.9481982,0.809157,-0.4093434,-0.20497209,10514.8
12.0,0.21450152,0.9481982,0.809157,-0.3173337,-0.16692035,8282.49
12.0,0.18202417,0.9481982,0.809157,-0.28485972,-0.11212582,13462.0
10.0,0.4189571,-0.6058559,-0.94694054,-0.8087167,-0.81227803,7093.13
10.0,0.6711979,-0.7747748,-0.9139923,-0.90129614,-0.78741753,3169.48
7.0,1.4509064,-1.09009,-1.1831408,-1.1132318,-0.86098427,1904.25
7.0,1.3640484,-1.1013514,-1.2049637,-1.0750605,-0.8300355,1562.29
10.0,0.3308157,-0.4346847,-0.5626872,0.12562314,0.17250127,7779.6504
12.0,0.69697946,-0.29054055,-0.50406504,0.10169491,0.51344496,11139.399
12.0,0.7421949,-0.29054055,-0.50406504,0.17661302,0.60375446,17183.2
4.0,-0.108006045,0.954955,0.123662814,-0.18003133,-0.059868086,14445.5
10.0,0.9622356,0.5945946,1.0919983,-0.22532403,-0.11060376,6842.84
10.0,1.3187311,-0.48873875,-0.13436028,-0.95969236,-0.7519026,2147.42
10.0,1.1676737,-0.972973,-0.97175866,-0.93348527,-0.6920345,4506.48
10.0,1.2241697,-0.2792793,0.10183997,-0.9260789,-0.7574835,4114.26
10.0,0.7890227,0.10135135,0.41720155,-0.4842615,-0.42820904,7049.04
4.0,-0.2326284,1.5945946,0.35900727,0.118216775,0.08219178,12652.7
10.0,0.6873112,0.19594595,1.5318785,0.29226607,0.3652968,13433.8
10.0,0.8423973,-0.8085586,-0.6495507,-0.95342547,-0.78589547,532.287
12.0,0.24169184,-0.045045044,0.3038083,-0.52214783,-0.39269406,8572.06
4.0,0.5329302,1.8423424,2.2939665,0.6372312,0.4297311,22354.8
9.0,0.78436553,2.4234235,3.0701754,0.3597778,0.40943682,14405.699
4.0,0.22859971,1.9887388,2.2306376,0.49793476,0.3688483,18404.6
4.0,-0.108383685,1.5923424,0.7056055,0.3936761,0.3992897,21192.5
7.0,-1.1402311,-0.27027026,-0.5618314,-0.2728956,-0.18417047,6047.11
8.0,0.7477341,1.2522522,2.4608471,0.45207235,0.49112126,19788.9
10.0,0.5143505,1.054054,1.6153188,-0.35835353,-0.18721461,8655.9
10.0,0.49169186,1.0653154,1.6238768,-0.39339125,-0.035514966,12689.301
10.0,1.1623867,-0.9031532,-0.9400941,-1.0029911,-0.7656012,990.067
4.0,-0.093277946,1.0833334,1.6161746,-0.054977924,-0.14256722,11220.899
10.0,0.3801616,-0.17342342,0.19597775,-0.32616436,-0.13140538,8520.03
10.0,0.9792296,-0.8265766,-0.7248609,-0.966529,-0.70674783,2421.58
8.0,-0.75151056,-0.4009009,-0.50278133,-0.1202108,-0.2810756,8371.99
8.0,0.6545816,1.5,2.856226,0.20937188,0.17858955,12250.601
4.0,0.3496979,1.2905406,2.4120667,0.40279162,0.2952816,21760.5
7.0,1.418429,-0.48423424,-0.08344031,-0.8258083,-0.5383054,2956.0999
4.0,-0.09554381,0.6891892,0.35558408,0.088876225,-0.072552,11235.2
5.0,0.5367568,1.8175676,2.32991,0.582823,0.4835109,18827.6
4.0,-0.1891994,0.6936937,0.36756524,0.1145136,-0.1324201,11678.199
4.0,0.35166132,1.2342342,1.9666239,0.41105255,0.21359716,14437.4
4.0,-0.08534743,0.5990991,0.1724433,-0.082894176,-0.43429732,7913.8
10.0,0.12386707,-0.13063063,-0.16388533,-0.5617433,-0.5327245,7619.4395
10.0,-0.22306192,0.4864865,0.2674369,0.5970659,1.3135464,18898.299
10.0,-0.13293052,0.8310811,0.48652118,0.49252242,1.1476408,16291.3
10.0,-0.059667673,0.6644144,0.014120667,0.6939182,1.4038559,14747.7
10.0,-0.3436556,0.7657658,0.36799315,0.69220906,1.4312532,17569.6
10.0,-0.21903323,0.5810811,0.13521609,0.6828087,1.4155251,15902.3
10.0,-0.06042296,0.8040541,0.37783483,0.6417889,1.2486048,17667.5
14.0,0.4339124,1.045045,1.1527599,0.22560889,0.36834094,11593.3
5.0,-0.14350453,0.46396396,0.7428327,0.5124626,0.56621003,17279.7
10.0,-0.10473264,0.7432432,0.292255,0.6893605,1.573313,18814.7
1.0,-0.60536253,0.045045044,-0.42105263,0.17946161,-0.009639776,10580.601
8.0,-1.9161631,-0.2027027,-0.9020111,-1.037459,-0.69482493,4462.7803
12.0,-0.18504532,-0.18693693,0.084724,-0.1788919,0.166413,25276.898
8.0,0.04607251,-0.1936937,0.19554985,0.26321036,0.13495688,10454.101
2.0,0.6812689,4.9414415,3.0162601,0.57855004,0.57889396,37719.3
14.0,0.46978852,0.8085586,0.75310224,0.052983906,0.14916286,12696.3
12.0,0.20996979,0.08108108,0.32734275,-0.23728813,0.043125317,747.757
9.0,0.042548325,-0.30855855,-0.010269577,0.44637516,0.50279045,11680.2
12.0,0.2673716,-0.24774775,-0.05263158,-0.27403504,-0.14155251,7838.96
10.0,0.09063444,0.6058559,0.3397518,0.5688648,1.281583,16798.7
1.0,-0.6873112,-0.4481982,-0.5652546,0.38285145,-0.005073567,13139.5
1.0,-0.3160876,-0.43243244,-0.5280274,0.22845748,0.033992898,9660.57
9.0,-0.38746223,-0.44594595,-0.57552415,-0.054977924,-0.06341958,3267.82
8.0,-1.386707,-0.36486486,-0.75566965,0.13132033,-0.52156264,5504.71
12.0,0.27291086,-0.11936937,0.12023962,-0.22817263,0.09893455,14951.7
8.0,0.29909366,-0.009009009,0.12237912,0.40051275,0.1826484,11560.1
13.0,0.6638973,0.19594595,0.78005993,-0.23814271,0.05936073,11920.899
2.0,0.6510574,4.93018,3.016688,0.1646489,0.5773719,32271.299
14.0,0.6676737,0.36036035,0.5665383,0.23386982,0.42617962,14837.9
1.0,0.04607251,-0.006756757,-0.37013265,0.5987751,0.37747335,14878.101
1.0,-0.33509517,-0.5878378,-0.46041933,0.428429,0.18721461,9697.64
12.0,-0.002518115,0.15315315,0.16089003,0.30508474,0.58143073,16062.9
12.0,-0.13746223,0.13063063,0.10526316,0.10511323,0.5383054,23189.398
8.0,-0.7477341,1.0923424,0.26273,-0.6791055,-0.529173,7957.25
9.0,-0.12990937,-0.08558559,0.12665811,0.48938897,0.43480468,14764.0
4.0,-0.10725076,0.1418919,0.27214378,0.33043727,0.24759005,13514.301
5.0,-0.13821752,-0.3828829,-0.041506205,0.511608,0.44647387,18054.6
12.0,-0.05098187,-0.0022522523,0.12494651,-0.09172483,0.38001016,8998.9
10.0,-0.053877633,0.8040541,0.24090715,0.6674263,1.2932521,17945.7
13.0,-0.051359516,-0.056306306,0.055626873,-0.043583535,0.25469306,12279.0
1.0,-0.8489426,-0.024774775,-0.470261,0.07093006,-0.14003044,11428.0
1.0,-0.4410876,-0.042792793,-0.34189132,0.22931206,-0.11161847,10560.899
8.0,-0.4660121,-0.02027027,-0.46469834,-0.8759436,-0.5479452,3745.73
8.0,-1.7180257,-0.0945946,-0.868635,-1.1049708,-0.7458143,5223.0903
12.0,0.27492446,0.20045045,0.28070176,0.11850164,0.5093861,11110.2
8.0,0.36253777,0.5878378,0.28326914,0.27460477,0.15728056,27230.4
12.0,0.110774934,-0.0022522523,0.11938383,-0.18715283,0.14967021,14588.8
5.0,0.021148037,-0.054054055,0.058622167,0.6058966,1.0958904,19601.701
8.0,0.06646526,-0.0990991,-0.2148053,0.23358496,0.40385592,9649.02
12.0,0.12990937,0.3490991,0.23234917,0.33898306,0.95585996,15250.301
13.0,0.521148,-0.19144145,-0.00855798,-0.119356215,0.16692035,10025.6
2.0,0.6616314,4.2725224,3.3996577,0.37800884,0.5773719,36017.6
10.0,-1.4476329,-0.5337838,-1.0911425,-0.7386412,-0.68442416,3308.13
4.0,0.35271904,0.16666667,0.35772356,0.58766556,1.0096397,20301.1
14.0,0.43353474,0.9189189,0.436457,0.25836775,0.49720955,11512.6
10.0,-1.3851963,2.123874,-0.46555412,-1.6311067,-1.536276,10410.301
1.0,0.15634441,0.5608108,0.6422764,0.64349806,0.5195332,41140.6
7.0,-1.2469789,-0.22522523,-0.5802311,-0.08716707,-0.22932522,178.09299
1.0,-0.27152568,0.536036,-0.013692768,0.65717137,0.38863522,17219.5
1.0,-0.3650559,0.083333336,-0.06375695,0.4361202,0.016235413,12837.0
1.0,-1.1711979,-0.21846847,-0.5823706,0.36903575,0.11060376,9361.12
5.0,0.16616315,0.5810811,0.4347454,0.30166644,0.41095892,17942.9
8.0,0.20241691,1.777027,0.5622593,0.33755875,0.09944191,4964.1597
8.0,0.2152568,2.0765765,0.6931964,0.2008261,-0.31912735,4262.41
12.0,0.25629455,0.6081081,0.4360291,-0.21193562,0.30948758,11785.8
8.0,-0.9478852,0.4301802,0.0077021825,-0.42814413,-0.2739726,6783.9004
5.0,-0.41200906,0.3063063,0.5216089,0.15923658,-0.082699135,8051.2
12.0,0.857503,0.117117114,1.0081301,-0.37487537,-0.023338407,13414.2
8.0,0.2940589,0.9009009,1.3637142,0.16293976,0.5058346,17944.3
8.0,-1.6646526,-0.8085586,-0.5665383,0.1612306,-0.34449518,5332.1396
1.0,-1.613293,-0.8085586,-0.5665383,0.2915539,-0.24429224,5365.5903
8.0,-1.2885196,-0.8085586,-0.5665383,0.20452927,-0.31100965,10012.0
8.0,-1.2885196,-0.8085586,-0.5665383,0.20452927,-0.31100965,5085.26
4.0,-0.0494713,1.3288288,0.5952075,0.16806723,0.0020294266,12139.399
12.0,0.8504532,-1.313063,-1.220368,0.22874235,0.28310502,25537.9
12.0,0.8444109,-1.3288288,-1.2563115,-0.37943313,-0.50735664,15176.3
12.0,0.57613355,-0.15315315,0.1305092,-0.8990172,-0.6839168,9769.311
12.0,0.57613355,-0.15315315,0.1305092,-0.8144139,-0.54946727,8694.65
12.0,0.60800606,-0.15315315,0.1305092,-0.734938,-0.55098933,9998.97
12.0,0.5981873,-0.22297297,0.059050065,-0.75772685,-0.63774735,12767.9
8.0,-0.018379143,0.45945945,1.0770218,0.4905284,0.4743785,19912.5
12.0,0.19070996,0.4572072,1.0791613,-0.62953997,-0.30187723,7062.62
12.0,0.18429004,0.4572072,1.0791613,-0.73721695,-0.3546423,11188.9
12.0,0.121348955,0.3716216,0.9259735,-0.43298677,-0.11567732,14113.199
10.0,-0.92346376,-0.8333333,-1.0047069,-0.9898875,-0.6428209,8986.61
4.0,-0.02265861,0.7454955,0.37270004,0.3082182,0.16438356,13356.4
5.0,-0.2900302,0.5945946,-0.05691057,0.6534682,0.5109082,14921.5
7.0,-2.1772401,-1.1711712,-1.1660248,-1.5869534,-1.449518,1983.94
7.0,-2.1772401,-1.1711712,-1.1660248,-1.5869534,-1.449518,1904.63
7.0,-2.1772401,-1.1711712,-1.1660248,-1.5869534,-1.449518,2931.42
7.0,1.5634441,-1.2905406,-1.5498502,-1.0591084,-0.79705733,3055.35
7.0,1.5619335,-1.286036,-1.5335901,-1.0605327,-0.8117707,1362.01
4.0,0.18957704,0.8986486,1.2575952,0.2743199,0.44901064,16308.399
1.0,0.1163142,-0.018018018,-0.63714164,0.21677823,0.067985795,11409.6
10.0,0.94801056,-1.1036036,-1.2130938,-0.48397663,-0.44292238,3430.3901
11.0,0.42963293,-1.3761262,-1.381686,-0.085173056,-0.09842719,16037.7
4.0,0.1691843,1.7927928,3.05092,0.5483549,0.25317097,15537.3
12.0,0.62009066,-0.08558559,0.9058622,-0.64720124,-0.3242009,17191.2
9.0,0.7492447,1.65991,2.983312,0.22333,0.60629123,18419.6
10.0,0.2593157,-0.7207207,-0.7509628,-0.6645777,-0.5393202,9969.56
12.0,0.020645004,0.011261261,0.92297816,-0.41504058,-0.19076611,11274.301
12.0,0.057654068,0.011261261,0.92297816,-0.4799886,-0.37341452,13609.5
12.0,0.12676282,0.011261261,0.92297816,-0.56516165,-0.22374429,17420.2
10.0,0.772281,-0.7184685,-0.64869493,-0.7904857,-0.6915271,8042.81
10.0,0.9159109,-0.8603604,-0.82755667,-0.8802165,-0.81430745,5362.96
7.0,1.5181268,-1.2792792,-1.529739,-1.1237715,-0.9041096,1238.76
7.0,1.4452417,-1.2905406,-1.5442876,-1.0465746,-0.8102486,1562.5599
10.0,0.3851964,-1.3828828,-1.4082156,0.15724255,0.47285643,8122.45
12.0,0.7915408,-1.3536036,-1.3127942,0.1760433,0.6651446,15742.3
4.0,-0.025679758,0.3873874,0.47240052,0.1484119,-0.020294268,13139.399
10.0,1.2205439,-0.8153153,-0.16046213,-0.5768409,-0.36377475,5743.74
10.0,1.4521646,-1.2117118,-1.3731279,-0.98732376,-0.7569761,1502.89
10.0,1.2789532,-1.240991,-1.4544288,-0.9138299,-0.65195334,5397.29
10.0,1.4501511,-1.1554054,-1.26273,-0.9933058,-0.81887364,2096.85
10.0,0.86807704,-0.5427928,-0.17886178,-0.5429426,-0.5281583,4389.33
4.0,-0.0494713,1.3288288,0.5952075,0.16806723,0.0020294266,14441.1
10.0,0.7170506,0.2635135,1.3097988,0.37402079,0.3079655,15954.2
10.0,1.1887584,-1.1531532,-1.2657253,-0.9682381,-0.71841705,942.854
12.0,0.18202417,-0.8085586,-0.21009842,-0.50249255,-0.23744293,9359.4
4.0,0.3648036,2.1824324,2.979461,0.64720124,0.65093863,3086.0999
9.0,0.71072507,1.7072072,3.0269578,0.21392964,0.34398782,13632.7
4.0,0.04531722,2.2162163,2.402653,0.623273,0.55809236,24252.1
4.0,-0.02265861,0.7454955,0.37270004,0.3082182,0.16438356,15764.101
7.0,-2.049849,-0.3873874,-0.54086435,-1.4450933,-1.2252663,8918.31
8.0,0.45619336,1.34009,2.7886178,0.63181883,0.65296805,19551.4
10.0,0.5732628,-0.074324325,0.68549424,-0.49394673,-0.3313039,7729.3203
10.0,0.5533731,-0.074324325,0.6910569,-0.4905284,-0.35159817,13140.1
10.0,1.4224577,-1.2972972,-1.4903723,-1.0351802,-0.79655,1083.1
4.0,-0.21903323,1.6463964,1.7659392,-0.08118501,-0.14611872,10850.301
10.0,0.62462234,-1.0765766,-0.76765084,-0.5526278,-0.3313039,5818.6797
10.0,1.3371103,-1.3265766,-1.5554129,-1.0095428,-0.7727042,1307.79
8.0,-0.43353474,-0.713964,-0.58964485,-0.17490385,-0.30593607,6622.8496
8.0,0.5702417,1.572072,3.2306376,0.18344966,0.24759005,15907.801
4.0,0.049848944,1.7545046,2.5113394,0.5734226,0.65753424,11853.199
7.0,1.778701,-1.213964,-1.4090714,-0.97165644,-0.6504313,1090.8999
4.0,-0.09415862,0.18243243,0.58451,0.13160518,-0.04870624,14006.801
5.0,0.26359516,2.322072,2.9460847,0.66286856,0.51699644,18971.3
4.0,-0.20090635,0.16891892,0.5960633,0.23928215,-0.012683917,12491.801
4.0,0.32427037,0.43693694,1.7154472,0.10511323,0.10350076,18670.3
4.0,-0.16993958,0.3783784,0.50620455,-0.14157528,-0.29883307,11432.199
9.0,0.3882175,-0.39414415,-0.4291827,-0.64207375,-0.5357686,5675.0596
5.0,-0.026057402,0.19144145,0.37227213,0.7138584,0.8320649,19737.0
14.0,0.24118881,0.2027027,0.398374,0.3597778,0.9238965,19654.3
12.0,0.3569985,0.11036036,0.26273,0.0558325,0.2014206,16651.2
9.0,0.22734138,-0.11036036,0.09927257,0.14641789,-0.05225774,8866.24
5.0,-0.0079305135,0.8288288,0.45442876,0.7093007,0.37544394,12156.2
2.0,0.6771148,1.8333334,2.762516,0.8374875,1.0700152,29763.701
8.0,-0.56722057,0.9391892,0.36157468,-0.15325452,-0.18569255,7796.0
9.0,0.02265861,-0.015765766,0.5575524,0.17262498,0.32267883,12753.399
12.0,0.20845921,-0.5900901,-0.23320496,0.158382,0.38660577,1670.22
9.0,-0.16540785,-0.0045045046,0.54514337,0.34809858,0.50735664,14391.5
4.0,-0.29758307,0.21621622,0.5742405,0.55120355,0.032978185,12350.5
5.0,0.2666163,-0.04954955,0.3564399,0.26919243,0.24099442,12269.699
5.0,-0.12839879,-0.38513514,0.23320496,0.4036462,0.4205987,18592.7
12.0,-0.1130408,0.10585585,0.550706,0.20025638,0.66463727,14820.4
8.0,0.19083536,0.8288288,0.97860503,0.44922376,0.32724506,12552.9
9.0,0.06117825,0.6373874,0.2969619,0.52414185,1.0705225,19672.9
13.0,0.25075528,-0.24774775,0.013692768,0.044153254,0.46981227,19247.9
5.0,-0.24924472,-0.12837838,0.48609328,0.50306225,0.31557584,15086.7
1.0,-0.48564956,0.38963965,0.5100556,0.6078906,0.09081684,20985.3
9.0,-0.2527689,0.6396396,0.8917416,0.27318045,0.38914257,11471.801
9.0,-0.17371601,0.5045045,0.62216514,0.28542942,0.39776763,13329.2
1.0,-0.68277943,0.06531531,-0.10825845,0.2639225,0.12557077,7841.35
8.0,-1.4632432,-0.13963965,-0.826273,-0.95314056,-0.68899035,6937.11
1.0,-0.4833837,0.123873875,0.06760804,0.38940322,-0.02130898,13284.8
8.0,-0.73036253,0.07882883,-0.10098417,0.032616436,0.047691528,3583.48
9.0,-1.668429,-0.12837838,-0.66837823,-0.20054123,-0.38203958,5932.42
12.0,0.25679758,0.16216215,0.6893453,0.16151546,0.3429731,9185.89
8.0,0.3013595,1.1441442,1.43175,0.3874092,0.34449518,21776.898
12.0,0.23187311,-0.1599099,-0.05134788,-0.2991027,-0.05175038,11687.7
5.0,0.061933536,-0.25225225,0.05177578,0.8448939,1.3069508,18324.6
8.0,0.20203927,-0.24774775,0.048780486,0.27261075,0.23287672,11773.9
12.0,0.2968278,0.03153153,0.5691057,0.119356215,0.20243531,1625.5901
12.0,0.2688822,0.33783785,0.75566965,0.41788918,1.1334348,19509.9
13.0,0.5151057,-0.13063063,0.4411639,-0.03874092,0.2678843,14691.1
2.0,0.6812689,6.7094593,3.4715447,0.22674833,0.66818875,41256.203
10.0,-1.5015106,-0.5675676,-1.2999572,-1.123914,-0.9956875,3110.53
10.0,-1.9174215,0.30405405,-0.9751819,-1.5718559,-1.4150177,4330.35
10.0,-2.712991,-0.6824324,-1.521181,-1.6125908,-1.4977169,3346.52
4.0,0.46072507,0.14864865,0.35515618,0.6027631,0.72704214,25242.3
14.0,0.4531722,0.9099099,0.84809583,0.111665,0.45053273,14882.1
10.0,-1.2749879,1.0518018,-0.23020966,-1.5504913,-1.3789954,6425.88
1.0,0.16868126,0.518018,1.2712879,0.77795184,0.571791,24760.9
8.0,-1.2424471,0.2027027,-0.46170303,0.04842615,0.00050735666,1901.25
1.0,-0.25377643,0.3490991,0.32135215,0.6702749,0.12734653,16401.701
1.0,-0.66314197,-0.38513514,0.14377406,0.4170346,0.11719939,15335.699
1.0,-1.1125377,0.26576576,-0.5357296,0.11266202,0.015728056,8959.55
